<?xml version="1.0" encoding="UTF-8"?>
<project-private xmlns="http://www.netbeans.org/ns/project-private/1">
    <editor-bookmarks xmlns="http://www.netbeans.org/ns/editor-bookmarks/2" lastBookmarkId="0"/>
    <open-files xmlns="http://www.netbeans.org/ns/projectui-open-files/2">
        <group>
            <file>file:/Users/badunrahman/Documents/vanier%20college/finalProject/StudentManagementSys2/src/studentmanagementsys2/StudentManager.java</file>
            <file>file:/Users/badunrahman/Documents/vanier%20college/finalProject/StudentManagementSys2/src/studentmanagementsys2/Person.java</file>
            <file>file:/Users/badunrahman/Documents/vanier%20college/finalProject/StudentManagementSys2/src/studentmanagementsys2/StudentNotFoundException.java</file>
            <file>file:/Users/badunrahman/Documents/vanier%20college/finalProject/StudentManagementSys2/src/studentmanagementsys2/StudentManagementSys2.java</file>
            <file>file:/Users/badunrahman/Documents/vanier%20college/finalProject/StudentManagementSys2/src/studentmanagementsys2/MainGUI.java</file>
            <file>file:/Users/badunrahman/Documents/vanier%20college/finalProject/StudentManagementSys2/src/studentmanagementsys2/FileHandler.java</file>
            <file>file:/Users/badunrahman/Documents/vanier%20college/finalProject/StudentManagementSys2/src/studentmanagementsys2/Student.java</file>
        </group>
    </open-files>
</project-private>
